1,Ortensia,Daniellot,methodology,Marketing,Suspendisse potenti. Cras in purus eu magna vulputate luctus.
2,Barbi,Leinster,service-desk,Sales,Curabitur gravida nisi at nibh. In hac habitasse platea dictumst.
3,Chloe,Ucceli,mobile,Accounting,Vivamus tortor. Duis mattis egestas metus.
4,Reggie,Catterell,Open-source,Accounting,Aenean lectus.
5,Ramsay,Beamand,exuding,Product Management,Vivamus in felis eu sapien cursus vestibulum. Proin eu mi.
6,Jorie,Haulkham,mobile,Human Resources,"Vestibulum ante ipsum primis in faucibus orci luctus et ultrices posuere cubilia Curae; Donec pharetra, magna vestibulum aliquet ultrices, erat tortor sollicitudin mi, sit amet lobortis sapien sapien non mi. Integer ac neque."
7,Alejoa,Ord,Quality-focused,Research and Development,"Quisque erat eros, viverra eget, congue eget, semper rutrum, nulla. Nunc purus."
8,Vasily,Celes,Multi-lateral,Support,Phasellus sit amet erat.
9,Marcille,Messingham,task-force,Human Resources,"Aliquam augue quam, sollicitudin vitae, consectetuer eget, rutrum at, lorem. Integer tincidunt ante vel ipsum."
10,Kellia,Crimes,array,Human Resources,Aliquam non mauris. Morbi non lectus.
11,Dyane,Close,Grass-roots,Engineering,Cras pellentesque volutpat dui.
12,Clarinda,Cowwell,solution,Research and Development,Proin risus. Praesent lectus.
13,Ginger,Isacoff,time-frame,Human Resources,Quisque id justo sit amet sapien dignissim vestibulum. Vestibulum ante ipsum primis in faucibus orci luctus et ultrices posuere cubilia Curae; Nulla dapibus dolor vel est.
14,Lita,Kinahan,toolset,Human Resources,"Vestibulum ante ipsum primis in faucibus orci luctus et ultrices posuere cubilia Curae; Donec pharetra, magna vestibulum aliquet ultrices, erat tortor sollicitudin mi, sit amet lobortis sapien sapien non mi. Integer ac neque."
15,Fulton,Hartland,Implemented,Support,Vestibulum ante ipsum primis in faucibus orci luctus et ultrices posuere cubilia Curae; Mauris viverra diam vitae quam. Suspendisse potenti.
16,Dev,Dietzler,multi-tasking,Services,"Cras pellentesque volutpat dui. Maecenas tristique, est et tempus semper, est quam pharetra magna, ac consequat metus sapien ut nunc."
17,Aubrie,Brandoni,executive,Services,Nam dui.
18,Carlynne,Ruslen,bifurcated,Support,Aliquam erat volutpat.
19,Zitella,Mudle,Robust,Training,Nam dui.
20,Beatrisa,La Vigne,database,Engineering,Etiam faucibus cursus urna.
21,Phaedra,Huntingdon,policy,Accounting,"Aliquam augue quam, sollicitudin vitae, consectetuer eget, rutrum at, lorem. Integer tincidunt ante vel ipsum."
22,Vinni,Petrusch,motivating,Training,Donec dapibus. Duis at velit eu est congue elementum.
23,Boy,Nolder,benchmark,Human Resources,In sagittis dui vel nisl. Duis ac nibh.
24,Emlynn,Feathersby,Total,Services,Pellentesque eget nunc.
25,Franz,Louys,website,Marketing,Maecenas rhoncus aliquam lacus.
